<?xml version="1.0" encoding="utf-8"?>
<ModMetaData>
	<name>Hooded Helms addon for Medieval Overhaul</name>
	<author>Joe Daly</author>
	<supportedVersions>
        <li>1.3</li>
    </supportedVersions>
	<packageId>JoeDaly.HoodedHelms</packageId>
  
	<loadAfter>
		<li>DankPyon.Medieval.Overhaul</li>
		<li>Harkon.DF.Dusk</li>
	</loadAfter>

	<modDependencies>
	  <li>
		  <packageId>DankPyon.Medieval.Overhaul</packageId>
		  <displayName>Medieval Overhaul</displayName>
	  </li>
    </modDependencies>
	<description>An addon for Medieval Overhaul. Adds Hooded Helms (apparel items). Adds winter variations if Dusk Armory is detected as installed (uses art from Dusk)</description>
</ModMetaData>
